user_id,username,email,password
1,user1,user1@gmail.com,"A"";f.p74"
2,user2,user2@gmail.com,a!=!2~9W
3,user3,user3@gmail.com,f.>:gAla
4,user4,user4@gmail.com,"2.,S4vj'"
5,user5,user5@gmail.com,"^V""]XJ)A"
6,user6,user6@gmail.com,*nQe\_*$
7,user7,user7@gmail.com,8W=&<O0}
8,user8,user8@gmail.com,e&g;4/u`
9,user9,user9@gmail.com,s~$eVdU]
10,user10,user10@gmail.com,iS'x:#sc
11,user11,user11@gmail.com,o$!92!~2
12,user12,user12@gmail.com,Ooe_Y3Ai
13,user13,user13@gmail.com,sY>ZlNej
14,user14,user14@gmail.com,v{Ne=U/7
15,user15,user15@gmail.com,"|W]e,Z,+"
16,user16,user16@gmail.com,LsL|Y6~P
17,user17,user17@gmail.com,UXUjA1/a
18,user18,user18@gmail.com,).HH=*#6
19,user19,user19@gmail.com,>s}kQoaJ
20,user20,user20@gmail.com,5pld)D@%
21,user21,user21@gmail.com,H'5ZW/x2
22,user22,user22@gmail.com,>t;x('\N
23,user23,user23@gmail.com,PL(u=q2>
24,user24,user24@gmail.com,"SMyX-g""z"
25,user25,user25@gmail.com,`tht+BV@
26,user26,user26@gmail.com,"/ih^!""X+"
27,user27,user27@gmail.com,(r}Bq=d@
28,user28,user28@gmail.com,B+h2z:D*
29,user29,user29@gmail.com,#ujwYQ4;
30,user30,user30@gmail.com,W_yU.JL+
31,user31,user31@gmail.com,Nf0hb*\Z
32,user32,user32@gmail.com,QG%\cVeN
33,user33,user33@gmail.com,",nPQbrLY"
34,user34,user34@gmail.com,zr|x6R+Y
35,user35,user35@gmail.com,"xdP,r'^l"
36,user36,user36@gmail.com,3Up'7j*F
37,user37,user37@gmail.com,8da^vB(9
38,user38,user38@gmail.com,fnpL?|sp
39,user39,user39@gmail.com,>p\tLaHw
40,user40,user40@gmail.com,dPMs4/+;
41,user41,user41@gmail.com,|@?*Qw%K
42,user42,user42@gmail.com,nr^y:ya4
43,user43,user43@gmail.com,"""v=Zx4L."
44,user44,user44@gmail.com,~V_yc;pN
45,user45,user45@gmail.com,\YYeH6wz
46,user46,user46@gmail.com,zJ@4AyXu
47,user47,user47@gmail.com,!5!H`6b+
48,user48,user48@gmail.com,q/9Byw-z
49,user49,user49@gmail.com,#6d.vJ^i
50,user50,user50@gmail.com,IVru;nXQ
51,user51,user51@gmail.com,Z/9!#x#J
52,user52,user52@gmail.com,D]b7:ohO
53,user53,user53@gmail.com,iITKb2;x
54,user54,user54@gmail.com,LoXY/]5s
55,user55,user55@gmail.com,">e_MeQ""V"
56,user56,user56@gmail.com,=w{|p{5@
57,user57,user57@gmail.com,""">m3ix+."
58,user58,user58@gmail.com,2A+`>$V1
59,user59,user59@gmail.com,H*}}eHGi
60,user60,user60@gmail.com,",b""Ruc/("
61,user61,user61@gmail.com,"nyKx!""xk"
62,user62,user62@gmail.com,"{O?1Yb,k"
63,user63,user63@gmail.com,j&}sP~R|
64,user64,user64@gmail.com,hMHP)^ZW
65,user65,user65@gmail.com,*QV3rmZw
66,user66,user66@gmail.com,v+Y(Ol@3
67,user67,user67@gmail.com,5#tp~+iu
68,user68,user68@gmail.com,IAOPdf_&
69,user69,user69@gmail.com,'ZxEdzPi
70,user70,user70@gmail.com,g5!e+@c6
71,user71,user71@gmail.com,`m/\Tukd
72,user72,user72@gmail.com,<HqV'yc-
73,user73,user73@gmail.com,oLPN`bO~
74,user74,user74@gmail.com,igLdvQcl
75,user75,user75@gmail.com,k.<r8z*]
76,user76,user76@gmail.com,`d+2Wu(0
77,user77,user77@gmail.com,"0gA2/Z""_"
78,user78,user78@gmail.com,&0OuQ<W{
79,user79,user79@gmail.com,~@Al\!fY
80,user80,user80@gmail.com,kaq{mt&Q
81,user81,user81@gmail.com,2F0|K{F\
82,user82,user82@gmail.com,SIC?Im+{
83,user83,user83@gmail.com,";[IuL""|'"
84,user84,user84@gmail.com,rUFE/?V(
85,user85,user85@gmail.com,:2bDC#*1
86,user86,user86@gmail.com,Y9Qxz5*+
87,user87,user87@gmail.com,?!xU($KW
88,user88,user88@gmail.com,~d8X;`\G
89,user89,user89@gmail.com,m$2-@2[|
90,user90,user90@gmail.com,"m_""wn1QW"
91,user91,user91@gmail.com,"<nH^Yq,A"
92,user92,user92@gmail.com,@W9OqGe:
93,user93,user93@gmail.com,/B_BD?;z
94,user94,user94@gmail.com,"{465J.t,"
95,user95,user95@gmail.com,"nxe!2/,#"
96,user96,user96@gmail.com,fjTEI@.!
97,user97,user97@gmail.com,-|gH{|dC
98,user98,user98@gmail.com,{_&c1csG
99,user99,user99@gmail.com,fY7|[jB?
100,user100,user100@gmail.com,jYh)EXM(
101,user101,user101@gmail.com,@:^=}CjJ
102,user102,user102@gmail.com,piRd4e!q
103,user103,user103@gmail.com,oyW(<Y(b
104,user104,user104@gmail.com,1fivX\Ca
105,user105,user105@gmail.com,hs*i}asj
106,user106,user106@gmail.com,/19lnUjk
107,user107,user107@gmail.com,+_eIJ6#y
108,user108,user108@gmail.com,JCIg8>T@
109,user109,user109@gmail.com,"?5""]wHxA"
110,user110,user110@gmail.com,S|i&5j.'
111,user111,user111@gmail.com,9Y]//*Ea
112,user112,user112@gmail.com,">)n4""8v'"
113,user113,user113@gmail.com,"#,syx|-{"
114,user114,user114@gmail.com,U0m?:os\
115,user115,user115@gmail.com,7mf..Gjb
116,user116,user116@gmail.com,lX-@jPR#
117,user117,user117@gmail.com,ngdF2aG[
118,user118,user118@gmail.com,h(}{/wr(
119,user119,user119@gmail.com,n><c43k6
120,user120,user120@gmail.com,2!p.\>'%
121,user121,user121@gmail.com,O.e6Kh-r
122,user122,user122@gmail.com,"w+,=TsBi"
123,user123,user123@gmail.com,[eESj*zl
124,user124,user124@gmail.com,!d9#Gh3&
125,user125,user125@gmail.com,R.6H(9Hw
126,user126,user126@gmail.com,EN$Fv++o
127,user127,user127@gmail.com,.0?0~L4j
128,user128,user128@gmail.com,&Sx]I;CL
129,user129,user129@gmail.com,QTn[{@4b
130,user130,user130@gmail.com,)jB)8dd-
131,user131,user131@gmail.com,`d<Z0}K-
132,user132,user132@gmail.com,"q""b!GkrD"
133,user133,user133@gmail.com,x1>OgPb.
134,user134,user134@gmail.com,"FPL!UD""$"
135,user135,user135@gmail.com,&AV$e@KK
136,user136,user136@gmail.com,"7D>E;,zj"
137,user137,user137@gmail.com,$B&\s}Fi
138,user138,user138@gmail.com,r{xvz<#&
139,user139,user139@gmail.com,"|,l%q(^r"
140,user140,user140@gmail.com,B?iAxac8
141,user141,user141@gmail.com,8ef[o(YM
142,user142,user142@gmail.com,Bw(:&g-_
143,user143,user143@gmail.com,'z=B;5|O
144,user144,user144@gmail.com,#yo6[{x}
145,user145,user145@gmail.com,+Lm~u<IX
146,user146,user146@gmail.com,"V'""_KRaK"
147,user147,user147@gmail.com,U|@JplQD
148,user148,user148@gmail.com,ta@/MwPN
149,user149,user149@gmail.com,QO8VMa/I
150,user150,user150@gmail.com,g}\q||o0
151,user151,user151@gmail.com,uD)D~O3L
152,user152,user152@gmail.com,q?HV&Hh?
153,user153,user153@gmail.com,Ice?ZL@G
154,user154,user154@gmail.com,{cB!vdN=
155,user155,user155@gmail.com,C4Of(-mu
156,user156,user156@gmail.com,RNuUA:S>
157,user157,user157@gmail.com,LvUVh\6+
158,user158,user158@gmail.com,"5""1{pd7C"
159,user159,user159@gmail.com,"[""7`;O.1"
160,user160,user160@gmail.com,|s~f?Z:0
161,user161,user161@gmail.com,^pmA4:DI
162,user162,user162@gmail.com,{U3RJS3/
163,user163,user163@gmail.com,AUE-55%c
164,user164,user164@gmail.com,bYcJ0n|(
165,user165,user165@gmail.com,'hWE3'j4
166,user166,user166@gmail.com,:<t1zF=j
167,user167,user167@gmail.com,M=SN)N;5
168,user168,user168@gmail.com,xpg?ngo?
169,user169,user169@gmail.com,?CtgXbCU
170,user170,user170@gmail.com,PB6wZY25
171,user171,user171@gmail.com,@/@WdvD]
172,user172,user172@gmail.com,=;>F=&&d
173,user173,user173@gmail.com,qY_iNC=!
174,user174,user174@gmail.com,^GNMX6[G
175,user175,user175@gmail.com,YvG:gg=F
176,user176,user176@gmail.com,FF7}7}i0
177,user177,user177@gmail.com,|*^cESg~
178,user178,user178@gmail.com,ehqN~nN1
179,user179,user179@gmail.com,szwE;Vk=
180,user180,user180@gmail.com,@2{^_sOU
181,user181,user181@gmail.com,'2A*ct'7
182,user182,user182@gmail.com,2r$4g6Cg
183,user183,user183@gmail.com,fI+60.%h
184,user184,user184@gmail.com,F;A_HEmF
185,user185,user185@gmail.com,+-b.NhTR
186,user186,user186@gmail.com,6b!4i1$\
187,user187,user187@gmail.com,ht6Ixx+u
188,user188,user188@gmail.com,",99V$:Z["
189,user189,user189@gmail.com,wv7+-Ye(
190,user190,user190@gmail.com,e&b7>[I~
191,user191,user191@gmail.com,AOgpBD$d
192,user192,user192@gmail.com,c1hD&w`b
193,user193,user193@gmail.com,R^yJ`.(\
194,user194,user194@gmail.com,"o%-Q,&AT"
195,user195,user195@gmail.com,"&YSgZ,aY"
196,user196,user196@gmail.com,~0vzB4.`
197,user197,user197@gmail.com,`qCX.9t;
198,user198,user198@gmail.com,>vW!^+yF
199,user199,user199@gmail.com,-|pekh90
200,user200,user200@gmail.com,sy'j1G5K
201,user201,user201@gmail.com,B#xk!S/[
202,user202,user202@gmail.com,vG#ue7{+
203,user203,user203@gmail.com,LO%b2Jjr
204,user204,user204@gmail.com,"<TDm,.49"
205,user205,user205@gmail.com,lZs;+2|O
206,user206,user206@gmail.com,)+%(GfU`
207,user207,user207@gmail.com,6i6~x@ZO
208,user208,user208@gmail.com,7Px7E^2G
209,user209,user209@gmail.com,"d=qpb,ij"
210,user210,user210@gmail.com,"4+OMsv""\"
211,user211,user211@gmail.com,TGsdRY;D
212,user212,user212@gmail.com,_F/|c^S)
213,user213,user213@gmail.com,p6U4M;P|
214,user214,user214@gmail.com,0r+0Dz3U
215,user215,user215@gmail.com,XjQ+BS4'
216,user216,user216@gmail.com,">n65-i""4"
217,user217,user217@gmail.com,;Tl+>mw{
218,user218,user218@gmail.com,;ER4a;G;
219,user219,user219@gmail.com,"ZYEnTrW"""
220,user220,user220@gmail.com,n\vYtokh
221,user221,user221@gmail.com,zM\*(#d4
222,user222,user222@gmail.com,=]yV}R[T
223,user223,user223@gmail.com,G2..U5/_
224,user224,user224@gmail.com,D`UQ.Of<
225,user225,user225@gmail.com,7TBi`q|0
226,user226,user226@gmail.com,y+:b@Jct
227,user227,user227@gmail.com,[m7`x4&E
228,user228,user228@gmail.com,jpM%&W&@
229,user229,user229@gmail.com,6{r=GmKC
230,user230,user230@gmail.com,ogZoQ#Q|
231,user231,user231@gmail.com,o|XD`:~>
232,user232,user232@gmail.com,;Z(%{pB\
233,user233,user233@gmail.com,j?6*<b5X
234,user234,user234@gmail.com,XZ+4'@L#
235,user235,user235@gmail.com,~}m1LJK4
236,user236,user236@gmail.com,fnX|KOZq
237,user237,user237@gmail.com,!>DZwBI;
238,user238,user238@gmail.com,C-#_0)%1
239,user239,user239@gmail.com,tY;e!8MQ
240,user240,user240@gmail.com,t'(C;Ew;
241,user241,user241@gmail.com,Z[f#*(0P
242,user242,user242@gmail.com,i])U5q(3
243,user243,user243@gmail.com,|u;Dz'?g
244,user244,user244@gmail.com,>;gd&=dg
245,user245,user245@gmail.com,]c('1lGk
246,user246,user246@gmail.com,Aa+rU[d_
247,user247,user247@gmail.com,(?7pHN/`
248,user248,user248@gmail.com,n|!>hQDa
249,user249,user249@gmail.com,i;)fhrjM
250,user250,user250@gmail.com,/AITvFbC
251,user251,user251@gmail.com,`l;&Mkft
252,user252,user252@gmail.com,Qj<IB|>'
253,user253,user253@gmail.com,`yS=EMIW
254,user254,user254@gmail.com,"](V}wMz,"
255,user255,user255@gmail.com,DXh/_U~z
256,user256,user256@gmail.com,"KSeA,|{n"
257,user257,user257@gmail.com,[]rC%HU/
258,user258,user258@gmail.com,G0)./>Ht
259,user259,user259@gmail.com,P3$d4`Z'
260,user260,user260@gmail.com,cz-%#i9c
261,user261,user261@gmail.com,SSROxOv^
262,user262,user262@gmail.com,}DzL4hOO
263,user263,user263@gmail.com,1-dM.2<6
264,user264,user264@gmail.com,>iI*Dg?#
265,user265,user265@gmail.com,w<3n=bHs
266,user266,user266@gmail.com,jM'AGm]6
267,user267,user267@gmail.com,"?5#,y~~Y"
268,user268,user268@gmail.com,X*2Wy\lE
269,user269,user269@gmail.com,!zKa}T1<
270,user270,user270@gmail.com,[aiZ.oXO
271,user271,user271@gmail.com,>LhYdj(-
272,user272,user272@gmail.com,76Vye<w~
273,user273,user273@gmail.com,][L)LY'Q
274,user274,user274@gmail.com,<)B|#9-n
275,user275,user275@gmail.com,"~6!nh*`,"
276,user276,user276@gmail.com,^a\cU[!u
277,user277,user277@gmail.com,sex#D_64
278,user278,user278@gmail.com,u:wz88#y
279,user279,user279@gmail.com,"Hps""XQj;"
280,user280,user280@gmail.com,ogk1.97T
281,user281,user281@gmail.com,m8AnJ-&x
282,user282,user282@gmail.com,zCN|DU{q
283,user283,user283@gmail.com,rCU4iDWW
284,user284,user284@gmail.com,YFxFQJvQ
285,user285,user285@gmail.com,V^lg4<<9
286,user286,user286@gmail.com,%gjfK</:
287,user287,user287@gmail.com,&ef><FPc
288,user288,user288@gmail.com,ZyO%ZHGn
289,user289,user289@gmail.com,}B&aFYR;
290,user290,user290@gmail.com,Yd#>AftA
291,user291,user291@gmail.com,(dywvj*Y
292,user292,user292@gmail.com,.Q#x9(@q
293,user293,user293@gmail.com,rm5;lHJM
294,user294,user294@gmail.com,>\0I'#\A
295,user295,user295@gmail.com,G#r8+vi3
296,user296,user296@gmail.com,y~.pjQb~
297,user297,user297@gmail.com,:DxMM9TM
298,user298,user298@gmail.com,k^8-M&R^
299,user299,user299@gmail.com,[?A}Fj-6
300,user300,user300@gmail.com,2c8ZTo^:
301,user301,user301@gmail.com,"u^HXO]b"""
302,user302,user302@gmail.com,!>%.mny1
303,user303,user303@gmail.com,ZD*k*}lo
304,user304,user304@gmail.com,.`%{Rz:$
305,user305,user305@gmail.com,U?:_<?rF
306,user306,user306@gmail.com,cj@@}4B@
307,user307,user307@gmail.com,"@y,ww_3c"
308,user308,user308@gmail.com,-D6tE\o@
309,user309,user309@gmail.com,IPhk}y3F
310,user310,user310@gmail.com,FOF-k=Y=
311,user311,user311@gmail.com,"YG,J`QQE"
312,user312,user312@gmail.com,FnR<%3GH
313,user313,user313@gmail.com,zv%lG\6G
314,user314,user314@gmail.com,aEv!<AFN
315,user315,user315@gmail.com,]|H$<Xo]
316,user316,user316@gmail.com,",_,C9#Na"
317,user317,user317@gmail.com,@#<jg1=m
318,user318,user318@gmail.com,ekMCs[[h
319,user319,user319@gmail.com,Z)vP&Su_
320,user320,user320@gmail.com,4|~T@ELZ
321,user321,user321@gmail.com,!b~a)!b[
322,user322,user322@gmail.com,^Zor>^o}
323,user323,user323@gmail.com,.g5dGPBa
324,user324,user324@gmail.com,-n1aC(S!
325,user325,user325@gmail.com,3fW*r6&W
326,user326,user326@gmail.com,h>;njH=&
327,user327,user327@gmail.com,"L@J,1]]'"
328,user328,user328@gmail.com,m|z7Kd])
329,user329,user329@gmail.com,H:1-&Gq5
330,user330,user330@gmail.com,W#CWl;jV
331,user331,user331@gmail.com,vf;V1!ic
332,user332,user332@gmail.com,"t`q?d<,t"
333,user333,user333@gmail.com,dk27C4:y
334,user334,user334@gmail.com,k<faa<Zj
335,user335,user335@gmail.com,^piDIySf
336,user336,user336@gmail.com,^.+!ifsx
337,user337,user337@gmail.com,2@Nn'07R
338,user338,user338@gmail.com,<BVj(~^:
339,user339,user339@gmail.com,"lxQJ""Us3"
340,user340,user340@gmail.com,N*;EGrDX
341,user341,user341@gmail.com,)3)&5VEW
342,user342,user342@gmail.com,;`9g;^4!
343,user343,user343@gmail.com,"{V}""A9os"
344,user344,user344@gmail.com,xz=#Pm$a
345,user345,user345@gmail.com,.bzL\t?T
346,user346,user346@gmail.com,u:N;TdT8
347,user347,user347@gmail.com,+A.3QoM&
348,user348,user348@gmail.com,!jQM*?+T
349,user349,user349@gmail.com,f&rCJdVu
350,user350,user350@gmail.com,"'f?W""hFQ"
351,user351,user351@gmail.com,LYKXE5q+
352,user352,user352@gmail.com,I(nFj7;C
353,user353,user353@gmail.com,0F=MoHSI
354,user354,user354@gmail.com,]{=$)]xG
355,user355,user355@gmail.com,-K~.kXV=
356,user356,user356@gmail.com,RuQHLW'6
357,user357,user357@gmail.com,`}9'16yI
358,user358,user358@gmail.com,Ex%?Rna:
359,user359,user359@gmail.com,'nIF|=i4
360,user360,user360@gmail.com,R\@[}*4o
361,user361,user361@gmail.com,)<5k^tV|
362,user362,user362@gmail.com,`NXOkfU6
363,user363,user363@gmail.com,gxJlE-G|
364,user364,user364@gmail.com,T/BP6%;w
365,user365,user365@gmail.com,"nA,:@xlq"
366,user366,user366@gmail.com,~u:kEEY0
367,user367,user367@gmail.com,"?_/_Bep,"
368,user368,user368@gmail.com,"i""F>v:1D"
369,user369,user369@gmail.com,GF|%>(d[
370,user370,user370@gmail.com,"IF;Ps$["""
371,user371,user371@gmail.com,LX#b.J]}
372,user372,user372@gmail.com,"\,rm~}6*"
373,user373,user373@gmail.com,"M#G%?,am"
374,user374,user374@gmail.com,Fg6TQ2.|
375,user375,user375@gmail.com,7g#7Rtr]
376,user376,user376@gmail.com,c(#YS%4:
377,user377,user377@gmail.com,0|H06`4]
378,user378,user378@gmail.com,:{~0bz=i
379,user379,user379@gmail.com,Pni*(EAb
380,user380,user380@gmail.com,G>EpKm*Z
381,user381,user381@gmail.com,Gq^`TilI
382,user382,user382@gmail.com,(Bf9`2\w
383,user383,user383@gmail.com,-Gtani>+
384,user384,user384@gmail.com,"Y4m""0n%c"
385,user385,user385@gmail.com,YxC\=m6_
386,user386,user386@gmail.com,9%1?z/IF
387,user387,user387@gmail.com,JOQ4SSX_
388,user388,user388@gmail.com,XJ1%(N[w
389,user389,user389@gmail.com,6?v9fy/X
390,user390,user390@gmail.com,"<c:,`PB["
391,user391,user391@gmail.com,$\J]BG;T
392,user392,user392@gmail.com,N+UJn'*m
393,user393,user393@gmail.com,{OL^jB}3
394,user394,user394@gmail.com,",_DV:</V"
395,user395,user395@gmail.com,$``m+_Y+
396,user396,user396@gmail.com,ln8ZtK5j
397,user397,user397@gmail.com,[zg3e^|m
398,user398,user398@gmail.com,ThTA[h?T
399,user399,user399@gmail.com,e^[4w@P^
400,user400,user400@gmail.com,_sXE/|'}
401,user401,user401@gmail.com,o!coH{@}
402,user402,user402@gmail.com,:&ohN]ZE
403,user403,user403@gmail.com,VMj2%M0r
404,user404,user404@gmail.com,Pwy0c>%^
405,user405,user405@gmail.com,7Ck#Pet3
406,user406,user406@gmail.com,it&q];4y
407,user407,user407@gmail.com,1ZUV/fR'
408,user408,user408@gmail.com,`m'X[?1k
409,user409,user409@gmail.com,adQ3r?70
410,user410,user410@gmail.com,8jf9P|sR
411,user411,user411@gmail.com,UEwZHcz{
412,user412,user412@gmail.com,<5\{*.]n
413,user413,user413@gmail.com,I_%~3_y8
414,user414,user414@gmail.com,p~l9)%1H
415,user415,user415@gmail.com,",Y:3<(bO"
416,user416,user416@gmail.com,/^L`g<T@
417,user417,user417@gmail.com,%+Qfr6#@
418,user418,user418@gmail.com,=F8g[$9;
419,user419,user419@gmail.com,RS0NeYa]
420,user420,user420@gmail.com,~!u$s>Ox
421,user421,user421@gmail.com,<_$kFL~_
422,user422,user422@gmail.com,=~'BeH~C
423,user423,user423@gmail.com,tFDv)A71
424,user424,user424@gmail.com,"R,p\%Zlb"
425,user425,user425@gmail.com,"#vm,Q<+\"
426,user426,user426@gmail.com,"s`+du""""`"
427,user427,user427@gmail.com,0uz<l#)T
428,user428,user428@gmail.com,6:qJ=%=>
429,user429,user429@gmail.com,=%]TW@Xc
430,user430,user430@gmail.com,17:]@abG
431,user431,user431@gmail.com,B.N8.QCm
432,user432,user432@gmail.com,sIV^~LiB
433,user433,user433@gmail.com,rPS#uE/<
434,user434,user434@gmail.com,zO>v^\l~
435,user435,user435@gmail.com,?-maZO84
436,user436,user436@gmail.com,;$dFy+#z
437,user437,user437@gmail.com,rr6kt#hN
438,user438,user438@gmail.com,dvP%?`xJ
439,user439,user439@gmail.com,s6rys#?J
440,user440,user440@gmail.com,'?tTNP;K
441,user441,user441@gmail.com,!)':O`d+
442,user442,user442@gmail.com,25.zS\(H
443,user443,user443@gmail.com,0AmsQ!=k
444,user444,user444@gmail.com,")@t7""~/s"
445,user445,user445@gmail.com,F>6T/nOH
446,user446,user446@gmail.com,HL&D]o;>
447,user447,user447@gmail.com,PwOlPc@l
448,user448,user448@gmail.com,6T7ZRO8$
449,user449,user449@gmail.com,EK!wZM+v
450,user450,user450@gmail.com,@Hdzn<qO
451,user451,user451@gmail.com,"Os..""BWV"
452,user452,user452@gmail.com,M^A@)7H>
453,user453,user453@gmail.com,7.d<Y>*T
454,user454,user454@gmail.com,rj2l4J*W
455,user455,user455@gmail.com,"-UW|70,`"
456,user456,user456@gmail.com,II(vlUw7
457,user457,user457@gmail.com,lXlK!/UK
458,user458,user458@gmail.com,'[m3B69]
459,user459,user459@gmail.com,>VK@&#uE
460,user460,user460@gmail.com,+*VZVN~_
461,user461,user461@gmail.com,)x3%5+lb
462,user462,user462@gmail.com,"B?f/~,06"
463,user463,user463@gmail.com,"3BiZ,7;v"
464,user464,user464@gmail.com,Ve}G?&nw
465,user465,user465@gmail.com,pfcHki[p
466,user466,user466@gmail.com,3(~UJ3|3
467,user467,user467@gmail.com,iJrW8|Ib
468,user468,user468@gmail.com,$l^!c~q:
469,user469,user469@gmail.com,"h""Iw>&I*"
470,user470,user470@gmail.com,Ya?=CI4r
471,user471,user471@gmail.com,9opSi|Gu
472,user472,user472@gmail.com,+sO+KQZ1
473,user473,user473@gmail.com,Oh^N4${D
474,user474,user474@gmail.com,9A5'bn}{
475,user475,user475@gmail.com,+P;ZJ6U'
476,user476,user476@gmail.com,eoL]v<c+
477,user477,user477@gmail.com,82aks-60
478,user478,user478@gmail.com,sz9l}B#P
479,user479,user479@gmail.com,F>W'72l*
480,user480,user480@gmail.com,{br3kpE|
481,user481,user481@gmail.com,WrKa8O^S
482,user482,user482@gmail.com,"aJQ,H:E!"
483,user483,user483@gmail.com,Wh}C1s;;
484,user484,user484@gmail.com,/\S30!)n
485,user485,user485@gmail.com,Y]Z~Qe]M
486,user486,user486@gmail.com,7Eu)H[y>
487,user487,user487@gmail.com,3)q_$OiM
488,user488,user488@gmail.com,"b""h!8mGb"
489,user489,user489@gmail.com,"p66VU,=1"
490,user490,user490@gmail.com,TV0_?I$>
491,user491,user491@gmail.com,&2/LTwOG
492,user492,user492@gmail.com,mOnJZt7(
493,user493,user493@gmail.com,y[RBy{3~
494,user494,user494@gmail.com,"/""9!nUUe"
495,user495,user495@gmail.com,":'AoSA,1"
496,user496,user496@gmail.com,kW=iVyR-
497,user497,user497@gmail.com,p22fSPs-
498,user498,user498@gmail.com,&i7->3<7
499,user499,user499@gmail.com,"O""-cl'z["
500,user500,user500@gmail.com,Nx/|sZ$6
501,user501,user501@gmail.com,zx5}SQD<
502,user502,user502@gmail.com,Z?/vDH9+
503,user503,user503@gmail.com,qdLQ[00#
504,user504,user504@gmail.com,%hu!SW3?
505,user505,user505@gmail.com,zw5!W4AZ
506,user506,user506@gmail.com,"b,%b?6(Z"
507,user507,user507@gmail.com,"""7K4@V+9"
508,user508,user508@gmail.com,"\tk,8,A'"
509,user509,user509@gmail.com,AHb1;;o&
510,user510,user510@gmail.com,|&txq@L&
511,user511,user511@gmail.com,D)n{YFA>
512,user512,user512@gmail.com,",jks0(gu"
513,user513,user513@gmail.com,"N50[L,K:"
514,user514,user514@gmail.com,X!hH=ty{
515,user515,user515@gmail.com,y@%#Zt{X
516,user516,user516@gmail.com,"crwv6\""U"
517,user517,user517@gmail.com,l|qygy0u
518,user518,user518@gmail.com,T3*Q+>k'
519,user519,user519@gmail.com,6Su.$$FI
520,user520,user520@gmail.com,ZHEj-Gni
521,user521,user521@gmail.com,i16T=9jF
522,user522,user522@gmail.com,#r<.05[)
523,user523,user523@gmail.com,%5B]~5t/
524,user524,user524@gmail.com,5-_[Rp|r
525,user525,user525@gmail.com,R1FANv<3
526,user526,user526@gmail.com,"Tfw,1r]j"
527,user527,user527@gmail.com,k`.nvx(*
528,user528,user528@gmail.com,E>Yp+7<(
529,user529,user529@gmail.com,L4*7>.(F
530,user530,user530@gmail.com,9BmI*7@7
531,user531,user531@gmail.com,Wmw+259n
532,user532,user532@gmail.com,tcjS[RQ2
533,user533,user533@gmail.com,D[Ih[nc1
534,user534,user534@gmail.com,"xw,~(|mK"
535,user535,user535@gmail.com,}dC{KCNj
536,user536,user536@gmail.com,~r^<~74c
537,user537,user537@gmail.com,7/_[6/m:
538,user538,user538@gmail.com,R\l^AB#R
539,user539,user539@gmail.com,-h972?aD
540,user540,user540@gmail.com,4uD^9VGS
541,user541,user541@gmail.com,N\h|e+W<
542,user542,user542@gmail.com,THN/i6@i
543,user543,user543@gmail.com,9$E%GR8C
544,user544,user544@gmail.com,'ua#uZz]
545,user545,user545@gmail.com,`*@p}'.N
546,user546,user546@gmail.com,s-5;a-s7
547,user547,user547@gmail.com,KK@aM$dL
548,user548,user548@gmail.com,?c3xMDEo
549,user549,user549@gmail.com,sf6A@-!]
550,user550,user550@gmail.com,{/qb^}.z
551,user551,user551@gmail.com,{}?ZB;(0
552,user552,user552@gmail.com,M8w.Rj1m
553,user553,user553@gmail.com,/c;5e!9d
554,user554,user554@gmail.com,"^;,fK61k"
555,user555,user555@gmail.com,Ssbq^NYD
556,user556,user556@gmail.com,f-I]R|Kp
557,user557,user557@gmail.com,{<@l%ssh
558,user558,user558@gmail.com,A>kf[cgb
559,user559,user559@gmail.com,T*5YLV(o
560,user560,user560@gmail.com,8AFEOhm*
561,user561,user561@gmail.com,"9""=8j}vo"
562,user562,user562@gmail.com,p{\5;oZL
563,user563,user563@gmail.com,I-`N/Nut
564,user564,user564@gmail.com,"cdp)G,m@"
565,user565,user565@gmail.com,D2H`/#lO
566,user566,user566@gmail.com,"?v5n%xj"""
567,user567,user567@gmail.com,a|r!NkTa
568,user568,user568@gmail.com,"/6!vj,M^"
569,user569,user569@gmail.com,Ycr\C)|b
570,user570,user570@gmail.com,"zcw-,-cP"
571,user571,user571@gmail.com,%otHT94N
572,user572,user572@gmail.com,"O-NQ,&.<"
573,user573,user573@gmail.com,ONlt%_Ws
574,user574,user574@gmail.com,yR5?b5RM
575,user575,user575@gmail.com,qUL`FO8m
576,user576,user576@gmail.com,?v^p~5zV
577,user577,user577@gmail.com,W;sB7*=V
578,user578,user578@gmail.com,"fn<R""@c:"
579,user579,user579@gmail.com,;^%Od@D4
580,user580,user580@gmail.com,"`a@!Y,V0"
581,user581,user581@gmail.com,h`~\EsTM
582,user582,user582@gmail.com,N?P[p=?>
583,user583,user583@gmail.com,xj`1@a2q
584,user584,user584@gmail.com,hqO|+xNK
585,user585,user585@gmail.com,_+14[_lh
586,user586,user586@gmail.com,"<EUu""!zU"
587,user587,user587@gmail.com,l|=H`B>^
588,user588,user588@gmail.com,Qk\mrKHW
589,user589,user589@gmail.com,]GQfj$0C
590,user590,user590@gmail.com,JbG`o'+>
591,user591,user591@gmail.com,X;v51\7G
592,user592,user592@gmail.com,dvQA.J6{
593,user593,user593@gmail.com,Tkpq!gcI
594,user594,user594@gmail.com,]UZCk#Jg
595,user595,user595@gmail.com,8l(&V0s6
596,user596,user596@gmail.com,42()Pk`F
597,user597,user597@gmail.com,axhO@O6j
598,user598,user598@gmail.com,.t*~H/?p
599,user599,user599@gmail.com,D;dZ(4Ca
600,user600,user600@gmail.com,4mIVxKPZ
601,user601,user601@gmail.com,iL#:@v1)
602,user602,user602@gmail.com,iGn'%9$l
603,user603,user603@gmail.com,qPmozio0
604,user604,user604@gmail.com,",yJ9<^O*"
605,user605,user605@gmail.com,T%u-Dsh9
606,user606,user606@gmail.com,&]{j`tNE
607,user607,user607@gmail.com,cYnG@kw5
608,user608,user608@gmail.com,"W&[ww7""2"
609,user609,user609@gmail.com,"}\%YV""1:"
610,user610,user610@gmail.com,"[Q//Xmy,"
611,user611,user611@gmail.com,6wpw3MXc
612,user612,user612@gmail.com,R|G?:>6W
613,user613,user613@gmail.com,]\oU[..O
614,user614,user614@gmail.com,tXlQxZz_
615,user615,user615@gmail.com,"g""/cRGBc"
616,user616,user616@gmail.com,Q!RRZ\>Y
617,user617,user617@gmail.com,Y]9p$y1r
618,user618,user618@gmail.com,kN3%*FwB
619,user619,user619@gmail.com,5509g!3q
620,user620,user620@gmail.com,BKv]>Z;;
621,user621,user621@gmail.com,qzCTj[kT
622,user622,user622@gmail.com,"B./""D=>w"
623,user623,user623@gmail.com,"gf27,sM5"
624,user624,user624@gmail.com,xj%*<urQ
625,user625,user625@gmail.com,2;w#Jr!e
626,user626,user626@gmail.com,":#t6U""@$"
627,user627,user627@gmail.com,-&BdLOpc
628,user628,user628@gmail.com,"@C=,}_5o"
629,user629,user629@gmail.com,D}ZhMccP
630,user630,user630@gmail.com,8RcmpV'[
631,user631,user631@gmail.com,"B>l,cJv`"
632,user632,user632@gmail.com,"B3|#2-[,"
633,user633,user633@gmail.com,!w}ZK4~m
634,user634,user634@gmail.com,">x<BLrX,"
635,user635,user635@gmail.com,J%Z$0S`\
636,user636,user636@gmail.com,K4[?]ggD
637,user637,user637@gmail.com,oIy@j^h]
638,user638,user638@gmail.com,vL`.WB>7
639,user639,user639@gmail.com,L/NOu|/5
640,user640,user640@gmail.com,"uQX""\(^T"
641,user641,user641@gmail.com,"""|-O#'W<"
642,user642,user642@gmail.com,N=Wq[hP!
643,user643,user643@gmail.com,"9M,N\'2)"
644,user644,user644@gmail.com,0c%V_pi[
645,user645,user645@gmail.com,gQtI[^hj
646,user646,user646@gmail.com,#[G^@m<I
647,user647,user647@gmail.com,"L""1rY*$_"
648,user648,user648@gmail.com,MLq`i<-}
649,user649,user649@gmail.com,"skhod""%t"
650,user650,user650@gmail.com,"0Y3UA}-"""
651,user651,user651@gmail.com,"*dKL""~`o"
652,user652,user652@gmail.com,jis/Mw-@
653,user653,user653@gmail.com,B34{|W=*
654,user654,user654@gmail.com,@$eV^bUM
655,user655,user655@gmail.com,"toBO1&,J"
656,user656,user656@gmail.com,H^@\|$7%
657,user657,user657@gmail.com,re-\WT+e
658,user658,user658@gmail.com,hBYQ*G7q
659,user659,user659@gmail.com,rGL<Uae4
660,user660,user660@gmail.com,H(k0W'Bc
661,user661,user661@gmail.com,996I5HT6
662,user662,user662@gmail.com,g(sNg/iC
663,user663,user663@gmail.com,E`gw-NkH
664,user664,user664@gmail.com,"S-=""gh'("
665,user665,user665@gmail.com,6Q>.Nva-
666,user666,user666@gmail.com,hpZe(%k$
667,user667,user667@gmail.com,BjbBVr{Q
668,user668,user668@gmail.com,iO%T/5h?
669,user669,user669@gmail.com,v;mh[koQ
670,user670,user670@gmail.com,i{nImeub
671,user671,user671@gmail.com,8.@X}Asn
672,user672,user672@gmail.com,9G=dyE>'
673,user673,user673@gmail.com,n'.c<:qi
674,user674,user674@gmail.com,U?OA{3@?
675,user675,user675@gmail.com,",IR=%FIg"
676,user676,user676@gmail.com,5oSsjXUP
677,user677,user677@gmail.com,iH36CF9/
678,user678,user678@gmail.com,^X|Gc{T\
679,user679,user679@gmail.com,a#qoG0kh
680,user680,user680@gmail.com,"""aZJz""vg"
681,user681,user681@gmail.com,7UO|jJ=.
682,user682,user682@gmail.com,zx(_L[q\
683,user683,user683@gmail.com,"*@""tMU@2"
684,user684,user684@gmail.com,&D^x68&<
685,user685,user685@gmail.com,X0?JME.W
686,user686,user686@gmail.com,"dx,|6`iM"
687,user687,user687@gmail.com,",Il8X""`8"
688,user688,user688@gmail.com,&AhUO]{=
689,user689,user689@gmail.com,J~x5<|[&
690,user690,user690@gmail.com,sXyFe1zO
691,user691,user691@gmail.com,"^4""}57(8"
692,user692,user692@gmail.com,"k\@,P.FQ"
693,user693,user693@gmail.com,6g0Rm<$D
694,user694,user694@gmail.com,P-T5X~;U
695,user695,user695@gmail.com,fvD8$]kM
696,user696,user696@gmail.com,Q%P)o7C2
697,user697,user697@gmail.com,:|LEXp|y
698,user698,user698@gmail.com,x)n!}`9^
699,user699,user699@gmail.com,2y<Up8Lr
700,user700,user700@gmail.com,KRN*SGZ5
701,user701,user701@gmail.com,fDse)^EV
702,user702,user702@gmail.com,k'9sl'cj
703,user703,user703@gmail.com,862TpV]8
704,user704,user704@gmail.com,;%;}LU>9
705,user705,user705@gmail.com,\)6L^a-y
706,user706,user706@gmail.com,gd\3>Fsn
707,user707,user707@gmail.com,imz/-Wnv
708,user708,user708@gmail.com,bij@@bCU
709,user709,user709@gmail.com,"5q[qz39"""
710,user710,user710@gmail.com,c'~$^|9|
711,user711,user711@gmail.com,~)t2%-a4
712,user712,user712@gmail.com,70;(?hfA
713,user713,user713@gmail.com,Te(y5ic;
714,user714,user714@gmail.com,}{HFx![-
715,user715,user715@gmail.com,")""7/&HYr"
716,user716,user716@gmail.com,""".=4->PB"
717,user717,user717@gmail.com,z03:eC<$
718,user718,user718@gmail.com,mz|/:'f+
719,user719,user719@gmail.com,eu2_>6z1
720,user720,user720@gmail.com,:Hav;WsJ
721,user721,user721@gmail.com,"~"":?gXb$"
722,user722,user722@gmail.com,Y5+5.]k4
723,user723,user723@gmail.com,v_&m=-^;
724,user724,user724@gmail.com,:)#|*_'{
725,user725,user725@gmail.com,g[--45q8
726,user726,user726@gmail.com,{(/<9LiV
727,user727,user727@gmail.com,v{n!=TIV
728,user728,user728@gmail.com,"HA36sc,*"
729,user729,user729@gmail.com,"Xj%U_<""F"
730,user730,user730@gmail.com,T`rmk~TK
731,user731,user731@gmail.com,U))N#N~j
732,user732,user732@gmail.com,oP{$Jo@|
733,user733,user733@gmail.com,1ik3/.o}
734,user734,user734@gmail.com,V>;VxI.e
735,user735,user735@gmail.com,)@a}g42.
736,user736,user736@gmail.com,'=89%]3#
737,user737,user737@gmail.com,7A@*ex`6
738,user738,user738@gmail.com,l)kU<^4\
739,user739,user739@gmail.com,"ONyr""73A"
740,user740,user740@gmail.com,T$#XNtet
741,user741,user741@gmail.com,6a/cF+:3
742,user742,user742@gmail.com,</`5|!v~
743,user743,user743@gmail.com,8K~xh2?<
744,user744,user744@gmail.com,XvU59BFx
745,user745,user745@gmail.com,NLaMH}Ut
746,user746,user746@gmail.com,4)\s[)x<
747,user747,user747@gmail.com,33:)Ne=P
748,user748,user748@gmail.com,P0nuk_wv
749,user749,user749@gmail.com,2r:N~~<u
750,user750,user750@gmail.com,?|tE]-8C
751,user751,user751@gmail.com,Z2pf>y4#
752,user752,user752@gmail.com,FdP#J_-c
753,user753,user753@gmail.com,QQA;9ifM
754,user754,user754@gmail.com,C36.`t1W
755,user755,user755@gmail.com,"lPi2&eW,"
756,user756,user756@gmail.com,(1h_pK88
757,user757,user757@gmail.com,Dc&G2-gK
758,user758,user758@gmail.com,7tz{sNx1
759,user759,user759@gmail.com,y9jqX>4r
760,user760,user760@gmail.com,E0NFDD^L
761,user761,user761@gmail.com,&&1TPV6m
762,user762,user762@gmail.com,-q%D#]s7
763,user763,user763@gmail.com,WyaDACAv
764,user764,user764@gmail.com,tnVf1=c$
765,user765,user765@gmail.com,l*bg^jdp
766,user766,user766@gmail.com,m[##u?J:
767,user767,user767@gmail.com,Rk6W2<gQ
768,user768,user768@gmail.com,C]EO?6W4
769,user769,user769@gmail.com,vltVfD1-
770,user770,user770@gmail.com,T9-$v<hX
771,user771,user771@gmail.com,";|&""YHf("
772,user772,user772@gmail.com,",1mtpX]i"
773,user773,user773@gmail.com,>.<>Hxy[
774,user774,user774@gmail.com,g.5\tF)k
775,user775,user775@gmail.com,'576:jml
776,user776,user776@gmail.com,wt(Lhbw.
777,user777,user777@gmail.com,"l*KtEz,>"
778,user778,user778@gmail.com,rHQtvS#|
779,user779,user779@gmail.com,"i8B]""Esv"
780,user780,user780@gmail.com,RULM;ryK
781,user781,user781@gmail.com,$Dezq8PV
782,user782,user782@gmail.com,5dBW#`7j
783,user783,user783@gmail.com,kh1mx`o8
784,user784,user784@gmail.com,y|;(].Rf
785,user785,user785@gmail.com,X.S)`l@1
786,user786,user786@gmail.com,5anCz}*\
787,user787,user787@gmail.com,b\BbSNjB
788,user788,user788@gmail.com,z3dnm&N6
789,user789,user789@gmail.com,~{uNSg})
790,user790,user790@gmail.com,[dBPQc'4
791,user791,user791@gmail.com,r?BOFo-h
792,user792,user792@gmail.com,-}~bI&Y^
793,user793,user793@gmail.com,yDa\[<Eu
794,user794,user794@gmail.com,h5}(vwn$
795,user795,user795@gmail.com,s[*2rNX;
796,user796,user796@gmail.com,nS}1e*j1
797,user797,user797@gmail.com,pFZIyrA5
798,user798,user798@gmail.com,"^(yas,),"
799,user799,user799@gmail.com,gM?GWP@X
800,user800,user800@gmail.com,YZi(8tZT
801,user801,user801@gmail.com,n-kN$^]E
802,user802,user802@gmail.com,"n8Ta`~,X"
803,user803,user803@gmail.com,:d6Va$X;
804,user804,user804@gmail.com,A5Xv@S7?
805,user805,user805@gmail.com,Zh`tG?E-
806,user806,user806@gmail.com,agbi2HoA
807,user807,user807@gmail.com,BKHee^8q
808,user808,user808@gmail.com,i_xb|/s-
809,user809,user809@gmail.com,}X:8gdL3
810,user810,user810@gmail.com,i-M~+Rxl
811,user811,user811@gmail.com,!:fGy]8>
812,user812,user812@gmail.com,"""hTH;AjW"
813,user813,user813@gmail.com,GEo_;Zye
814,user814,user814@gmail.com,sQp.1gDR
815,user815,user815@gmail.com,$W--`.Cd
816,user816,user816@gmail.com,d)t$KlYu
817,user817,user817@gmail.com,Z:BzQb.2
818,user818,user818@gmail.com,$kt0zV#o
819,user819,user819@gmail.com,_AHI;91<
820,user820,user820@gmail.com,\\yvh%)|
821,user821,user821@gmail.com,I-5!sB0m
822,user822,user822@gmail.com,_$%Y.9#O
823,user823,user823@gmail.com,hbfzu_V9
824,user824,user824@gmail.com,ACxQdod?
825,user825,user825@gmail.com,"n""v;#?'t"
826,user826,user826@gmail.com,c'U`N8&!
827,user827,user827@gmail.com,3Tc^w:6Q
828,user828,user828@gmail.com,ML5H61Z}
829,user829,user829@gmail.com,"<`4HH=""e"
830,user830,user830@gmail.com,}Kc^8wA?
831,user831,user831@gmail.com,aqEhphd3
832,user832,user832@gmail.com,8IlM'wrN
833,user833,user833@gmail.com,boA*Vrc=
834,user834,user834@gmail.com,F%p}2yD7
835,user835,user835@gmail.com,.\e5y3s4
836,user836,user836@gmail.com,(x/o=}7(
837,user837,user837@gmail.com,4^`5:0L9
838,user838,user838@gmail.com,D^{KB#2w
839,user839,user839@gmail.com,^`VMGE6r
840,user840,user840@gmail.com,Hb[|p1.y
841,user841,user841@gmail.com,tcShSto_
842,user842,user842@gmail.com,uWd{=NKA
843,user843,user843@gmail.com,yn&|_.).
844,user844,user844@gmail.com,mD{Z8:0o
845,user845,user845@gmail.com,BlQX|uoo
846,user846,user846@gmail.com,yz)At!Zy
847,user847,user847@gmail.com,I#coycdV
848,user848,user848@gmail.com,"WF`A9"")t"
849,user849,user849@gmail.com,e8&wf]2%
850,user850,user850@gmail.com,|(^C6LL'
851,user851,user851@gmail.com,@|fCY<.T
852,user852,user852@gmail.com,'8zZN9XK
853,user853,user853@gmail.com,58q2lueX
854,user854,user854@gmail.com,ZzHnIWHg
855,user855,user855@gmail.com,"P""jH63""#"
856,user856,user856@gmail.com,{[8?\69n
857,user857,user857@gmail.com,mk&&h47T
858,user858,user858@gmail.com,j:->AGw@
859,user859,user859@gmail.com,VPJj/=#R
860,user860,user860@gmail.com,"cD;""\9$\"
861,user861,user861@gmail.com,DQVGx[*7
862,user862,user862@gmail.com,1[Ulpp$0
863,user863,user863@gmail.com,"DMj""sj2F"
864,user864,user864@gmail.com,<DRq9g5o
865,user865,user865@gmail.com,LS1UIFe6
866,user866,user866@gmail.com,2FZs}&lK
867,user867,user867@gmail.com,=^REvbdN
868,user868,user868@gmail.com,@YAG94.3
869,user869,user869@gmail.com,~*Ul/4ar
870,user870,user870@gmail.com,"""mPN=8i7"
871,user871,user871@gmail.com,AM*JX0aJ
872,user872,user872@gmail.com,r9SW[-OC
873,user873,user873@gmail.com,-v+EzaIR
874,user874,user874@gmail.com,%!taKohm
875,user875,user875@gmail.com,}xBd=a4W
876,user876,user876@gmail.com,xPn+2E9F
877,user877,user877@gmail.com,u;)wq|Y>
878,user878,user878@gmail.com,2/wqGs<`
879,user879,user879@gmail.com,S<f!v[#.
880,user880,user880@gmail.com,ylv|$a3Z
881,user881,user881@gmail.com,"T""^.*2$["
882,user882,user882@gmail.com,",xy-H$XV"
883,user883,user883@gmail.com,8$i\%Xv]
884,user884,user884@gmail.com,Z/|~Y|OC
885,user885,user885@gmail.com,t%kO*vT0
886,user886,user886@gmail.com,8@ANk2MS
887,user887,user887@gmail.com,Ra-$FeNp
888,user888,user888@gmail.com,")<)R""YWy"
889,user889,user889@gmail.com,k>[jiQ;M
890,user890,user890@gmail.com,='1$KxRy
891,user891,user891@gmail.com,17d8{Au@
892,user892,user892@gmail.com,*`[O1d{!
893,user893,user893@gmail.com,y3V}7}MZ
894,user894,user894@gmail.com,"]]mlO@-,"
895,user895,user895@gmail.com,9Qd-S7.E
896,user896,user896@gmail.com,"^""lg/@+k"
897,user897,user897@gmail.com,*e}|&mOA
898,user898,user898@gmail.com,"pxyG,6bi"
899,user899,user899@gmail.com,"*tr_B""H&"
900,user900,user900@gmail.com,Q(BSB\nC
901,user901,user901@gmail.com,EPi?i`*o
902,user902,user902@gmail.com,OHnh6Olq
903,user903,user903@gmail.com,mf$mlph;
904,user904,user904@gmail.com,sifvgQz\
905,user905,user905@gmail.com,XiwG}Oed
906,user906,user906@gmail.com,{dPu<19p
907,user907,user907@gmail.com,"5pRA,MsW"
908,user908,user908@gmail.com,"JDS]k,])"
909,user909,user909@gmail.com,vQ+!=x;O
910,user910,user910@gmail.com,#.b{:3{H
911,user911,user911@gmail.com,}XANV:jH
912,user912,user912@gmail.com,e&d(`yK{
913,user913,user913@gmail.com,r{I(vGJg
914,user914,user914@gmail.com,",%*r|f)b"
915,user915,user915@gmail.com,TZ2aZBZ#
916,user916,user916@gmail.com,8[rWP*>1
917,user917,user917@gmail.com,kDrR)n3T
918,user918,user918@gmail.com,"2""}jd9dz"
919,user919,user919@gmail.com,B:x@LO+1
920,user920,user920@gmail.com,mhr?<Z;u
921,user921,user921@gmail.com,DCq1Ju:i
922,user922,user922@gmail.com,"J#.zT""`e"
923,user923,user923@gmail.com,gGH:NnR_
924,user924,user924@gmail.com,_B-u0mGI
925,user925,user925@gmail.com,'C/ED6k7
926,user926,user926@gmail.com,.QqF=~mR
927,user927,user927@gmail.com,tAk([0I]
928,user928,user928@gmail.com,M{d4nOQK
929,user929,user929@gmail.com,"]xP~"":y6"
930,user930,user930@gmail.com,lgUI)rHl
931,user931,user931@gmail.com,aH(~d!Sh
932,user932,user932@gmail.com,"D2E|=\^,"
933,user933,user933@gmail.com,ArpwWCkN
934,user934,user934@gmail.com,(J|w1-2>
935,user935,user935@gmail.com,X&A<em@9
936,user936,user936@gmail.com,VCs/Hw{O
937,user937,user937@gmail.com,uYGXD=J!
938,user938,user938@gmail.com,[Nl^UZSz
939,user939,user939@gmail.com,k#%t!GE|
940,user940,user940@gmail.com,"erl2u,~Y"
941,user941,user941@gmail.com,8!S_^MAe
942,user942,user942@gmail.com,ler+a*\4
943,user943,user943@gmail.com,3tgmP}w|
944,user944,user944@gmail.com,qb}7HP!C
945,user945,user945@gmail.com,G-Rw*z9n
946,user946,user946@gmail.com,\J}CfU&K
947,user947,user947@gmail.com,t]7@fZm8
948,user948,user948@gmail.com,IZ`Vvi-R
949,user949,user949@gmail.com,nY@VUc4r
950,user950,user950@gmail.com,+Da/2PmK
951,user951,user951@gmail.com,!`5\2(Or
952,user952,user952@gmail.com,wkg>V)6n
953,user953,user953@gmail.com,8~'>}y%}
954,user954,user954@gmail.com,rL7bI5>{
955,user955,user955@gmail.com,7CC'fA<8
956,user956,user956@gmail.com,"7A//<dl,"
957,user957,user957@gmail.com,$1/22BV1
958,user958,user958@gmail.com,#X:D{|Vd
959,user959,user959@gmail.com,@cUF6vq`
960,user960,user960@gmail.com,'gSI'g8x
961,user961,user961@gmail.com,)dzlD2g`
962,user962,user962@gmail.com,ec~_CK}W
963,user963,user963@gmail.com,E8fs8/7'
964,user964,user964@gmail.com,"d2PtJfA"""
965,user965,user965@gmail.com,"9,P+93/G"
966,user966,user966@gmail.com,?Py2wH>$
967,user967,user967@gmail.com,~0glC`Vv
968,user968,user968@gmail.com,hH_d~Gq@
969,user969,user969@gmail.com,vZsH1mw`
970,user970,user970@gmail.com,1!UynAb[
971,user971,user971@gmail.com,$E&<sfJ~
972,user972,user972@gmail.com,GqrG+bc]
973,user973,user973@gmail.com,"n(t,>d5r"
974,user974,user974@gmail.com,&Z*3Oe.|
975,user975,user975@gmail.com,)(>`I4Nz
976,user976,user976@gmail.com,"460.2:3,"
977,user977,user977@gmail.com,sW[#nEdo
978,user978,user978@gmail.com,"{2Ot].0,"
979,user979,user979@gmail.com,<jbU[((}
980,user980,user980@gmail.com,%'|pDR+p
981,user981,user981@gmail.com,+~oKydK5
982,user982,user982@gmail.com,<MZ4#9>T
983,user983,user983@gmail.com,#>F:lA^2
984,user984,user984@gmail.com,?$<9a#C4
985,user985,user985@gmail.com,;6yV%C?4
986,user986,user986@gmail.com,"~D:2KzK,"
987,user987,user987@gmail.com,4ZRd7hQX
988,user988,user988@gmail.com,RG#FUC$6
989,user989,user989@gmail.com,ch>%70eh
990,user990,user990@gmail.com,",,o<-s=T"
991,user991,user991@gmail.com,"""^jM:W:B"
992,user992,user992@gmail.com,De5LUIs#
993,user993,user993@gmail.com,3(2t(V'+
994,user994,user994@gmail.com,3XE:h\;V
995,user995,user995@gmail.com,'yQMe[*o
996,user996,user996@gmail.com,"#,%s5g2\"
997,user997,user997@gmail.com,LY-\|S^:
998,user998,user998@gmail.com,"h8)5?m,N"
999,user999,user999@gmail.com,)[UsdS2U
1000,user1000,user1000@gmail.com,e02dETF{
